,out_degree,in_degree,out_degree_centrality,in_degree_centrality,avg_trust_given,avg_trust_received,total_trust_given,total_trust_received,trust_ratio,positive_trust_given_count,negative_trust_given_count,positive_trust_received_count,negative_trust_received_count,positive_trust_given_avg,negative_trust_given_avg,trust_selectivity,betweenness_centrality,eigenvector_centrality,community,cluster,pca_x,pca_y,tsne_x,tsne_y
1,490,397,0.12959534514678658,0.10499867759851893,1.2326530612244897,1.8841309823677581,604,748,0.8074866310160428,486,4,397,0,1.2510288065843622,-1.0,0.6642399000416497,0.12135180484989781,0.09963635947406001,5,2,57.03004165535578,7.535192182559259,58.743855,1.9508662
3,243,251,0.06426871198095742,0.06638455435070088,2.02880658436214,2.4302788844621515,493,610,0.8081967213114755,241,2,250,1,2.091286307053942,-5.5,2.6205693576521205,0.07387897311517039,0.1284811735900231,2,2,32.473574226395705,4.925876122997078,58.382294,1.8927019
15,197,123,0.052102618354932566,0.03253107643480561,0.3299492385786802,2.024390243902439,65,249,0.26104417670682734,152,45,113,10,1.5921052631578947,-3.933333333333333,10.708392383210082,0.05995858952723257,0.033083128742397216,6,2,24.654186509446067,-1.9692076239766625,57.427193,0.32325056
4,215,201,0.056863263686855334,0.05316053953980429,2.213953488372093,2.925373134328358,476,588,0.8095238095238095,209,6,201,0,2.3684210526315788,-3.1666666666666665,3.005386695511087,0.05627510486599417,0.17536688920591306,17,2,27.032771246227707,4.701779698918253,58.16852,1.8474692
2,195,205,0.0515736577624967,0.05421846072467602,2.0358974358974358,3.5853658536585367,397,735,0.5401360544217687,186,9,205,0,2.5376344086021505,-8.333333333333334,9.942301117685734,0.0540203907061372,0.27402565454350686,17,2,26.654158565049865,4.903826098122985,58.127857,1.8357096
11,203,203,0.05368950013224015,0.05368950013224015,0.7783251231527094,1.3940886699507389,158,283,0.558303886925795,183,20,183,20,1.9562841530054644,-10.0,16.694702613506763,0.05203785696145742,0.015374845219450187,2,2,27.462708596252394,-2.8147845900818544,58.0981,0.79786944
13,125,119,0.03306003702724147,0.03147315524993388,1.176,2.176470588235294,147,259,0.5675675675675675,114,11,115,4,2.017543859649123,-7.545454545454546,11.377024,0.04875440407311129,0.06987616590987408,1,2,17.73747552358276,0.9337540980836788,57.098812,1.8434844
10,177,164,0.046813012430573925,0.04337476857974081,1.6045197740112995,1.7560975609756098,284,288,0.9861111111111112,166,11,163,1,1.9337349397590362,-3.3636363636363638,4.69105301797057,0.036013884117939966,0.0803165725361022,17,2,21.188827944628404,2.3231856603067382,57.388073,1.825527
8,259,134,0.06850039672044433,0.03544035969320286,-0.37065637065637064,2.574626865671642,-96,345,-0.2782608695652174,123,136,134,0,1.4227642276422765,-1.9926470588235294,6.959138951416945,0.03508875022713643,0.06964694684187012,19,2,30.51002800673677,-4.282530412291484,57.16967,-0.5183966
22,148,103,0.0391430838402539,0.027241470510446973,1.864864864864865,1.9902912621359223,276,205,1.3463414634146342,136,12,101,2,2.3970588235294117,-4.166666666666667,6.83308984660336,0.03435879123544168,0.10464580867376069,10,2,16.582683851536306,1.8155721566999488,56.839672,1.8496846
5,174,146,0.04601957154192013,0.038614123247818044,-0.5172413793103449,2.671232876712329,-90,390,-0.23076923076923078,130,44,145,1,2.3615384615384616,-9.022727272727273,28.985334918747515,0.03396303760150261,0.12244081676657576,2,2,22.252208250758166,-0.8039617599902317,57.24053,0.27649295
6,148,139,0.0391430838402539,0.036762761174292516,1.7027027027027026,2.79136690647482,252,388,0.6494845360824743,142,6,139,0,2.140845070422535,-8.666666666666666,8.384587289992695,0.03223759449935433,0.13496851838867324,2,2,17.988279991020825,2.8730164041735784,56.964447,2.0721512
7,212,195,0.05606982279820154,0.0515736577624967,0.14150943396226415,1.8974358974358974,30,370,0.08108108108108109,172,40,186,9,2.0348837209302326,-8.0,18.87620149519402,0.0317569589782901,0.21877941504113266,18,2,26.80912737432548,-0.6049758339494359,57.483917,0.48606396
16,120,110,0.03173763554615182,0.029092832583972498,2.025,2.190909090909091,243,241,1.008298755186722,117,3,110,0,2.1880341880341883,-4.333333333333333,3.757708333333333,0.03008903043282064,0.06191689390286542,17,0,14.366471381507788,2.346274144799683,56.45609,2.5431488
177,202,198,0.05342501983602222,0.052367098651150495,1.4504950495049505,0.21717171717171718,293,43,6.813953488372093,184,18,156,42,2.4456521739130435,-8.722222222222221,14.435668071757675,0.028648962067553064,0.0312608275487032,3,2,25.667065501594063,-6.525705502402971,58.45069,0.14619446
9,143,133,0.03782068235916425,0.03517587939698493,1.3006993006993006,2.4135338345864663,186,321,0.5794392523364486,126,17,126,7,2.1746031746031744,-5.176470588235294,11.245244266223288,0.02745037954247217,0.15399921573106745,3,2,17.987361568529103,0.5437904414744437,56.760117,1.404142
14,93,97,0.024596667548267656,0.025654588733139385,2.010752688172043,2.6082474226804124,187,253,0.7391304347826086,92,1,95,2,2.141304347826087,-10.0,5.128916637761591,0.02541925171361989,0.09610720506608246,10,0,12.00665505021444,1.9785792597272178,55.538437,3.206412
63,40,38,0.010579211848717272,0.010050251256281409,1.25,2.473684210526316,50,94,0.5319148936170213,36,4,38,0,2.361111111111111,-8.75,15.3875,0.023128262789318156,0.043116611164871595,10,0,6.095574905985389,0.4849430286332383,49.039062,6.8407936
40,84,80,0.02221634488230627,0.021158423697434543,1.5952380952380953,1.75,134,140,0.9571428571428572,84,0,80,0,1.5952380952380953,0.0,2.1933106575963723,0.021991711022531574,0.08600951796082644,17,0,10.0905394150032,2.0429015875531067,54.792515,3.5777621
23,62,65,0.016397778365511772,0.017191219254165568,2.564516129032258,3.1384615384615384,159,204,0.7794117647058824,62,0,65,0,2.564516129032258,0.0,3.5361602497398534,0.0199407644378543,0.062396420614575655,17,0,7.954211590499248,2.089680975383496,53.019394,4.49033
7603,66,93,0.017455699550383497,0.024596667548267656,2.8181818181818183,-2.2903225806451615,186,-213,-0.8732394366197183,65,1,52,41,3.0153846153846153,-10.0,10.269972451790634,0.01991070448204861,-0.03939856875746081,10,0,11.267421443170369,-8.750807961119458,54.836887,-4.509529
58,131,79,0.034646918804549065,0.02089394340121661,0.7251908396946565,1.2911392405063291,95,102,0.9313725490196079,110,21,75,4,1.7727272727272727,-4.761904761904762,7.832876871977158,0.01989874292498295,0.03468754983252601,2,0,13.397339676144343,-0.5919814261198693,55.64999,-0.08290523
75,54,53,0.014281935995768318,0.014017455699550384,1.5740740740740742,1.5849056603773586,85,84,1.0119047619047619,54,0,53,0,1.5740740740740742,0.0,1.2074759945130313,0.01909075010620098,0.05766682502524131,18,0,6.78341440701704,1.4836794886633535,52.531166,4.790891
95,122,101,0.03226659613858768,0.02671250991801111,0.16393442622950818,0.7326732673267327,20,74,0.2702702702702703,98,24,90,11,1.653061224489796,-5.916666666666667,14.743617307175489,0.018419424336171525,0.1313499268988243,3,0,14.897129666096586,-2.1111873480759584,55.80402,-0.17273232
19,103,97,0.027241470510446973,0.025654588733139385,1.7281553398058251,2.216494845360825,178,215,0.827906976744186,97,6,94,3,2.2371134020618557,-6.5,8.780469412762747,0.018172500617647507,0.10634808892365095,2,0,12.181407498470383,1.2194974358272945,55.422615,2.687084
33,136,118,0.03596932028563872,0.031208674953715952,1.2058823529411764,1.4152542372881356,164,167,0.9820359281437125,132,4,118,0,1.3863636363636365,-4.75,1.6929065743944636,0.01815339882283347,0.0408317555257914,20,0,14.329701995475888,1.7841516155936414,56.141945,2.5600886
43,98,78,0.025919069029357315,0.02062946310499868,-0.5612244897959183,1.5769230769230769,-55,123,-0.44715447154471544,73,25,76,2,1.9315068493150684,-7.84,23.20543523531861,0.017894119804296043,0.04256495899960317,18,0,11.922520850298277,-1.7170775055657697,55.50041,-0.34293216
140,33,32,0.008727849775191749,0.008463369478973817,1.121212121212121,1.65625,37,53,0.6981132075471698,32,1,32,0,1.46875,-10.0,4.288337924701561,0.01581735854212854,0.023686907862294396,8,0,4.299658652578026,0.612028619212385,47.105976,8.02555
67,62,61,0.016397778365511772,0.01613329806929384,1.9193548387096775,1.5245901639344261,119,93,1.2795698924731183,62,0,61,0,1.9193548387096775,0.0,3.7515608740894915,0.014912943010405348,0.04941653077736911,2,0,7.183995255609,1.4380951903805073,52.82869,4.239044
20,57,53,0.015075376884422112,0.014017455699550384,3.5789473684210527,4.018867924528302,204,213,0.9577464788732394,53,4,53,0,4.188679245283019,-4.5,11.226223453370267,0.01487376685080651,0.12135192576825952,10,0,7.102347705226116,2.2756334639678073,51.792656,4.3144393
34,70,70,0.018513620735255226,0.018513620735255226,1.8857142857142857,2.3,132,161,0.8198757763975155,69,1,70,0,2.0579710144927534,-10.0,5.529795918367347,0.014850009473539623,0.07017155229690153,2,0,8.209328494282731,1.6445303511886473,53.43327,3.7487414
88,56,38,0.01481089658820418,0.010050251256281409,0.5714285714285714,2.0,32,76,0.42105263157894735,47,9,37,1,1.851063829787234,-6.111111111111111,13.459183673469388,0.01473727551640808,0.04389581607653052,19,0,6.340213210254713,-0.22571117692320553,49.237698,6.308421
26,133,138,0.03517587939698493,0.036498280878074586,1.3458646616541354,1.3985507246376812,179,193,0.927461139896373,124,9,133,5,2.064516129032258,-8.555555555555555,10.617219741082028,0.014234921541950355,0.11266730191268964,3,0,15.733076948255773,0.6732413034410626,56.205635,2.048791
24,104,87,0.027505950806664906,0.023009785770960064,1.8557692307692308,2.2758620689655173,193,198,0.9747474747474747,96,8,87,0,2.3645833333333335,-4.25,7.181120562130176,0.01392589194476123,0.10465513907051656,3,0,11.219513061783475,1.745296293451422,55.094753,2.5986176
30,125,90,0.03306003702724147,0.02380322665961386,-0.088,1.8888888888888888,-11,170,-0.06470588235294118,99,26,90,0,2.0505050505050506,-8.23076923076923,23.02425600000001,0.013776823196820007,0.05416216434781823,10,0,13.469093396255891,-0.8676889479398966,55.58733,-0.20561622
143,25,24,0.006612007405448294,0.006347527109230363,1.36,2.1666666666666665,34,52,0.6538461538461539,24,1,24,0,1.8333333333333333,-10.0,7.8304,0.013658484731357464,0.006626253196518122,20,0,3.261052924673653,0.36820048108853615,46.675972,8.76815
72,45,46,0.01190161332980693,0.012166093626024863,1.6444444444444444,1.8478260869565217,74,85,0.8705882352941177,44,1,45,1,1.75,-3.0,2.584691358024692,0.013514257918848704,0.018885507847091365,2,0,5.400873124298039,0.7474411429372665,49.660046,5.0067973
476,10,10,0.002644802962179318,0.002644802962179318,1.3,1.7,13,17,0.7647058823529411,10,0,10,0,1.3,0.0,0.20999999999999996,0.013507888719494562,0.001337655882820703,8,1,1.5810486074755794,0.46146101776492604,45.435596,12.370788
99,33,35,0.008727849775191749,0.009256810367627613,1.3333333333333333,2.057142857142857,44,72,0.6111111111111112,33,0,34,1,1.3333333333333333,0.0,0.40404040404040403,0.013067278409873408,0.005773088953146242,17,0,4.057014635014888,0.5963104361095182,46.81051,7.970593
153,27,30,0.007140967997884159,0.007934408886537955,1.4074074074074074,1.6333333333333333,38,49,0.7755102040816326,27,0,30,0,1.4074074074074074,0.0,0.3155006858710562,0.013040425247501845,0.010501774741796263,8,0,3.4597173640050185,0.7301770215243109,46.678234,8.29214
102,34,34,0.00899233007140968,0.00899233007140968,1.8235294117647058,2.088235294117647,62,71,0.8732394366197183,30,4,32,2,2.8,-5.5,12.262975778546714,0.012926099771464469,0.026238695991105187,16,0,4.544814576332754,-0.030683298923653398,48.02252,7.0786557
89,46,49,0.012166093626024863,0.012959534514678657,1.3043478260869565,1.5510204081632653,60,76,0.7894736842105263,44,2,48,1,1.8181818181818181,-10.0,9.603024574669188,0.012738987570788372,0.028419854153405467,8,0,5.720671922868351,0.2960994263956808,49.696033,4.990527
36,79,76,0.02089394340121661,0.020100502512562818,1.7848101265822784,2.026315789473684,141,154,0.9155844155844156,76,3,75,1,2.1315789473684212,-7.0,7.991668001922767,0.012537929980707059,0.0666414946822966,2,0,8.915254917009783,1.1708443536849011,53.73457,3.123212
80,27,34,0.007140967997884159,0.00899233007140968,1.2592592592592593,2.411764705882353,34,82,0.4146341463414634,24,3,31,3,2.6666666666666665,-10.0,21.080932784636484,0.012223842436299112,0.006320237776469628,3,0,4.186432602053921,-0.9213940829332534,47.96821,7.0952125
17,111,108,0.029357312880190427,0.028563871991536635,2.099099099099099,2.009259259259259,233,217,1.0737327188940091,110,1,107,1,2.209090909090909,-10.0,3.2964856748640536,0.012142427496861058,0.09655247226787797,10,0,12.062135315249272,2.1474289885522233,55.508404,2.7594695
42,80,80,0.021158423697434543,0.021158423697434543,1.775,1.65,142,132,1.0757575757575757,78,2,80,0,2.076923076923077,-10.0,7.849374999999999,0.011926162852222524,0.06786800093513538,17,0,9.011490330112986,1.3988507084595023,53.88801,3.0900638
324,16,12,0.004231684739486909,0.0031737635546151815,1.0625,2.0833333333333335,17,25,0.68,15,1,12,0,1.8,-10.0,8.30859375,0.011833446824983421,0.0011433301897174676,17,1,1.98944773605469,0.07515090738897329,45.77703,11.682591
79,69,67,0.018249140439037293,0.01772017984660143,1.1159420289855073,1.2238805970149254,77,82,0.9390243902439024,69,0,67,0,1.1159420289855073,0.0,0.276412518378492,0.011807198849152215,0.008905647127943722,8,0,7.34817270851772,0.9928392832227678,52.836155,3.59241
44,50,49,0.013224014810896589,0.012959534514678657,2.7,2.4693877551020407,135,121,1.115702479338843,50,0,49,0,2.7,0.0,2.77,0.011777025513277159,0.03536907564729548,17,0,5.585667591738911,1.570801089609026,49.97066,4.569054
28,44,54,0.011637133033588999,0.014281935995768318,1.8181818181818181,3.2037037037037037,80,173,0.4624277456647399,43,1,54,0,2.0930232558139537,-10.0,7.239669421487602,0.011652005134951376,0.008039688257713588,8,0,5.584221038386549,0.9502628469918963,49.848072,4.5796304
12,128,128,0.03385347791589527,0.03385347791589527,1.515625,2.0625,194,264,0.7348484848484849,127,1,128,0,1.5354330708661417,-1.0,0.859130859375,0.011548657727694445,0.05789776893441446,2,0,13.68785497989392,2.1808017000421014,55.95485,2.6722708
7564,76,92,0.020100502512562818,0.024332187252049726,1.4210526315789473,-0.31521739130434784,108,-29,-3.7241379310344827,67,9,66,26,2.955223880597015,-10.0,19.87534626038781,0.011278925204648715,-0.07200333200430961,8,0,10.667090268170455,-7.198437726410466,54.50434,-4.1169033
21,91,91,0.024067706955831793,0.024067706955831793,2.208791208791209,2.2747252747252746,201,207,0.9710144927536232,91,0,91,0,2.208791208791209,0.0,3.923439198164474,0.011165427873844162,0.08174798209124216,10,0,9.9402672123438,2.118206070255116,54.607075,2.9642339
169,24,21,0.006347527109230363,0.005554086220576567,3.375,2.0952380952380953,81,44,1.8409090909090908,24,0,21,0,3.375,0.0,0.734375,0.011122644495391581,0.0006656282253183045,8,1,2.6003919588172115,1.2976585457909782,45.723198,10.4283285
25,109,103,0.028828352287754565,0.027241470510446973,1.6055045871559632,1.9223300970873787,175,198,0.8838383838383839,106,3,103,0,1.7641509433962264,-4.0,3.68841006649272,0.010904872759990285,0.0751837668481622,19,0,11.57640214874474,1.845323635553396,55.348206,2.7354038
478,16,16,0.004231684739486909,0.004231684739486909,1.25,1.0625,20,17,1.1764705882352942,16,0,15,1,1.25,0.0,0.1875,0.010886643956330202,-0.0012722407797223633,8,1,1.9593409267014563,0.16912828370092198,45.333565,11.565023
7550,21,30,0.005554086220576567,0.007934408886537955,-0.047619047619047616,-0.7333333333333333,-1,-22,0.045454545454545456,18,3,21,9,1.5,-9.333333333333334,15.473922902494328,0.01083131037202654,-0.04355434991701971,20,4,3.5466491560235656,-3.445802774947406,52.682735,-5.4931316
682,12,12,0.0031737635546151815,0.0031737635546151815,1.0,1.0,12,12,1.0,12,0,12,0,1.0,0.0,0.0,0.010784004966084141,0.00038644011848907006,16,1,1.500349583524661,0.24727335323943364,45.24071,12.13229
341,16,15,0.004231684739486909,0.003967204443268977,1.625,1.6,26,24,1.0833333333333333,16,0,15,0,1.625,0.0,0.359375,0.01066380462470447,0.003034520880715251,8,1,1.8581641810402874,0.587958494793516,45.295734,11.569221
147,9,11,0.002380322665961386,0.0029092832583972497,5.666666666666667,4.636363636363637,51,51,1.0,9,0,10,1,5.666666666666667,0.0,10.0,0.010452476154545871,-0.03002350311712026,17,3,1.3500735651940394,1.2889246955521687,43.824318,16.10629
1194,5,6,0.001322401481089659,0.0015868817773075907,1.0,1.0,5,6,0.8333333333333334,5,0,6,0,1.0,0.0,0.0,0.010420305211868836,0.001268081072052377,2,1,0.8065501786556062,0.14952865569993787,45.20518,12.937675
456,10,10,0.002644802962179318,0.002644802962179318,1.0,1.8,10,18,0.5555555555555556,10,0,10,0,1.0,0.0,0.0,0.010408630965313161,0.0031543200069738503,1,1,1.2771033152150275,0.34823715750708534,45.13177,12.40204
2082,2,2,0.0005289605924358636,0.0005289605924358636,2.5,1.0,5,2,2.5,2,0,2,0,2.5,0.0,2.25,0.010386344140641948,1.4321956155510547e-05,8,1,0.4529894641098684,0.6373711101188613,45.219257,13.811024
124,55,56,0.014546416291986249,0.01481089658820418,2.9272727272727272,1.0714285714285714,161,60,2.683333333333333,55,0,47,9,2.9272727272727272,0.0,6.4310743801652865,0.010311113232845297,0.04141036762788059,3,0,6.517405937271549,-0.3685856956152276,51.490303,-2.3446486
856,3,3,0.0007934408886537954,0.0007934408886537954,1.6666666666666667,3.0,5,9,0.5555555555555556,3,0,3,0,1.6666666666666667,0.0,0.2222222222222222,0.010242611352735824,0.00028460668424307606,8,1,0.5448334673733173,0.6714478161998267,44.64769,13.462924
145,72,84,0.01904258132769109,0.02221634488230627,-0.5555555555555556,0.6071428571428571,-40,51,-0.7843137254901961,51,21,64,20,1.411764705882353,-5.333333333333333,15.358024691358025,0.010197807222982198,0.12252505892796033,10,0,10.949051990007131,-4.790108032974426,54.591713,-3.0318193
709,3,3,0.0007934408886537954,0.0007934408886537954,4.0,4.0,12,12,1.0,3,0,3,0,4.0,0.0,18.0,0.010163665907967322,0.0011429315077502054,5,3,0.7848546175817553,0.7389288897793445,43.83943,16.062517
1026,5,3,0.001322401481089659,0.0007934408886537954,4.4,2.3333333333333335,22,7,3.142857142857143,5,0,3,0,4.4,0.0,9.040000000000001,0.010156341367321898,0.0001830185294787003,20,3,0.7227951118685243,1.2183589881934964,44.08811,15.63817
7380,7,7,0.0018513620735255225,0.0018513620735255225,4.0,-0.2857142857142857,28,-2,-14.0,7,0,5,2,4.0,0.0,4.0,0.010155278981433329,-0.009066058336765128,2,1,1.0985376492698902,-2.5168702924520723,25.384949,-31.117308
1115,4,4,0.0010579211848717272,0.0010579211848717272,1.75,1.5,7,6,1.1666666666666667,4,0,4,0,1.75,0.0,0.1875,0.010154196927156516,0.00026461855409308114,15,1,0.6214206580126277,0.4626762597165672,45.088654,13.261736
499,5,5,0.001322401481089659,0.001322401481089659,1.8,3.4,9,17,0.5294117647058824,5,0,5,0,1.8,0.0,0.56,0.010152988463153413,0.0003128947368339801,6,1,0.7473588562506501,0.7953280670403341,44.539936,13.472662
595,3,5,0.0007934408886537954,0.001322401481089659,3.6666666666666665,2.8,11,14,0.7857142857142857,3,0,5,0,3.6666666666666665,0.0,14.222222222222223,0.010152380779747698,0.000582343134116937,2,3,0.8274376373426718,0.5272821753254637,43.897686,15.944771
470,3,4,0.0007934408886537954,0.0010579211848717272,2.6666666666666665,4.25,8,17,0.47058823529411764,3,0,4,0,2.6666666666666665,0.0,1.5555555555555554,0.010150832133376437,0.002650821245632655,17,1,0.6200736480422601,1.1440487792971974,44.34011,13.826168
1698,2,2,0.0005289605924358636,0.0005289605924358636,1.0,1.5,2,3,0.6666666666666666,2,0,2,0,1.0,0.0,0.0,0.010150832133376437,1.5337155909745031e-07,8,1,0.42095770126184856,0.1837358238601196,45.11719,13.245732
885,10,10,0.002644802962179318,0.002644802962179318,1.3,0.9,13,9,1.4444444444444444,10,0,9,1,1.3,0.0,0.20999999999999996,0.010104486901822328,0.0033156655341111444,2,1,1.2816620885241383,0.14339724286253663,45.1732,12.379087
1462,3,3,0.0007934408886537954,0.0007934408886537954,2.3333333333333335,1.3333333333333333,7,4,1.75,3,0,3,0,2.3333333333333335,0.0,3.555555555555556,0.01006722031631522,-0.00030109873402574375,8,1,0.5485337917655486,0.4934973688037718,45.120773,13.705602
1603,6,3,0.0015868817773075907,0.0007934408886537954,1.0,1.0,6,3,2.0,6,0,3,0,1.0,0.0,0.0,0.009997332318948926,0.0034642880164133297,8,1,0.6551781828303831,0.34080521684674947,45.32728,13.151721
7513,8,7,0.0021158423697434543,0.0018513620735255225,3.625,-2.142857142857143,29,-15,-1.9333333333333333,8,0,3,4,3.625,0.0,8.734375,0.009969200038268096,-0.03538766341252418,18,1,1.1159735946368072,-1.86183286600563,29.551996,-35.32089
1405,4,4,0.0010579211848717272,0.0010579211848717272,1.0,1.0,4,4,1.0,4,0,4,0,1.0,0.0,0.0,0.009958594253673578,0.0005778311860659722,17,1,0.6018430485447681,0.14797974559362573,45.221928,13.09896
426,4,6,0.0010579211848717272,0.0015868817773075907,3.25,3.1666666666666665,13,19,0.6842105263157895,4,0,6,0,3.25,0.0,15.1875,0.009934591461689051,0.002227577259347959,20,3,0.9332470089804472,0.46897084986466303,43.88026,15.971159
1157,5,5,0.001322401481089659,0.001322401481089659,1.0,1.2,5,6,0.8333333333333334,5,0,5,0,1.0,0.0,0.0,0.009933823123131631,0.0009798528596920285,10,1,0.7053345230873656,0.17935947413927109,45.169968,13.009746
338,4,6,0.0010579211848717272,0.0015868817773075907,-0.75,4.166666666666667,-3,25,-0.12,3,1,4,2,2.3333333333333335,-10.0,29.1875,0.009912673923782093,-0.021730149175130845,2,4,1.23336801004144,-1.6777386744285898,44.594696,-17.574018
223,19,17,0.0050251256281407045,0.00449616503570484,1.8421052631578947,2.1176470588235294,35,36,0.9722222222222222,19,0,17,0,1.8421052631578947,0.0,2.1329639889196677,0.009830875067984917,0.02786716009199531,17,1,2.142419649331969,0.8582033866693414,45.278267,11.0212
214,21,23,0.005554086220576567,0.006083046813012432,1.0476190476190477,1.6521739130434783,22,38,0.5789473684210527,20,1,20,3,1.6,-10.0,6.71201814058957,0.009681665764765535,0.008187689147199348,3,1,2.7373372418899082,-0.4871726132890764,45.747932,9.537925
29,66,86,0.017455699550383497,0.022745305474742135,1.621212121212121,1.9767441860465116,107,170,0.6294117647058823,65,1,86,0,1.7076923076923076,-4.0,1.6595500459136823,0.009522779845912023,0.06845267327653848,2,0,8.265055515629403,1.6096318269472782,53.658016,2.859163
69,69,69,0.018249140439037293,0.018249140439037293,1.1014492753623188,1.3333333333333333,76,92,0.8260869565217391,67,2,67,2,1.2985074626865671,-5.5,2.3520268851081703,0.009522549383472067,0.007429761556264151,20,0,7.454403124575085,0.3481227887880808,52.629196,3.2785366
18,78,78,0.02062946310499868,0.02062946310499868,2.628205128205128,2.7564102564102564,205,215,0.9534883720930233,78,0,78,0,2.628205128205128,0.0,6.002794214332678,0.009517771987158228,0.013305754826200483,5,0,8.242476904022983,1.5529346536750146,53.47228,3.1609678
38,80,59,0.021158423697434543,0.015604337476857976,1.8375,2.4915254237288136,147,147,1.0,77,3,59,0,2.1818181818181817,-7.0,7.06109375,0.009454305305337498,0.061034745709139096,5,0,7.678513691429283,1.3741822042697898,52.834152,2.7785616
149,30,31,0.007934408886537955,0.008198889182755886,1.5666666666666667,1.6129032258064515,47,50,0.94,30,0,30,1,1.5666666666666667,0.0,1.5122222222222217,0.009403270552142361,0.008773754470651209,17,0,3.3494518157057858,0.4792251220344375,46.33347,7.9085846
155,39,37,0.01031473155249934,0.009785770960063476,1.1025641025641026,1.3243243243243243,43,49,0.8775510204081632,37,2,37,0,1.4594594594594594,-5.5,3.733070348454963,0.00933096793428972,0.014808355601334049,8,0,4.221607815619024,0.420387881053626,48.277428,4.902969
50,45,59,0.01190161332980693,0.015604337476857976,1.6666666666666667,1.9322033898305084,75,114,0.6578947368421053,45,0,59,0,1.6666666666666667,0.0,1.555555555555555,0.008975664449660442,0.00775515819533344,8,0,5.480921134056262,0.9498476225739132,49.84664,3.8751488
419,15,14,0.003967204443268977,0.003702724147051045,1.2666666666666666,1.3571428571428572,19,19,1.0,15,0,14,0,1.2666666666666666,0.0,0.32888888888888873,0.00885061114432621,0.006309170806565985,17,1,1.5857949927133224,0.41703995161727003,44.95693,11.570965
65,56,54,0.01481089658820418,0.014281935995768318,0.8392857142857143,1.7222222222222223,47,93,0.5053763440860215,52,4,54,0,1.5,-7.75,7.777742346938774,0.00872724263281865,0.05722140637739132,8,0,6.21936601389738,0.5914720301699353,51.01028,2.5754542
129,93,17,0.024596667548267656,0.00449616503570484,4.516129032258065,3.411764705882353,420,58,7.241379310344827,93,0,16,1,4.516129032258065,0.0,0.5938258758237949,0.008544166957748546,0.011398149163747068,17,0,5.56774893592963,2.9652737269360196,47.740364,4.0434413
96,47,43,0.012430573922242795,0.011372652737371067,1.0638297872340425,1.7209302325581395,50,74,0.6756756756756757,44,3,43,0,1.4772727272727273,-5.0,4.2299683114531454,0.008457780427342918,0.015913218392454808,6,0,4.915833724611113,0.46401531724016765,48.791107,4.0645843
2336,81,43,0.021422903993652476,0.011372652737371067,0.19753086419753085,0.046511627906976744,16,2,8.0,53,28,34,9,2.0754716981132075,-3.357142857142857,10.701722298430116,0.008356155093113741,-0.012993707608838417,6,0,8.328472882709152,-2.376545382097318,54.665154,-1.8335984
7518,9,6,0.002380322665961386,0.0015868817773075907,-2.6666666666666665,-2.8333333333333335,-24,-17,1.411764705882353,4,5,3,3,1.25,-5.8,19.555555555555557,0.007627256497289333,-0.0038564296233199397,6,4,1.390489068888702,-3.331172850466913,47.228607,-23.32359
154,51,44,0.013488495107114522,0.011637133033588999,0.9215686274509803,1.1136363636363635,47,49,0.9591836734693877,50,1,44,0,1.14,-10.0,2.621299500192234,0.0076143406337480695,0.023591830318138753,3,0,4.966277273904612,0.5846067850930885,48.839813,3.494791
45,74,65,0.01957154192012695,0.017191219254165568,0.6756756756756757,1.8615384615384616,50,121,0.4132231404958678,67,7,64,1,1.6567164179104477,-8.714285714285714,13.408327246165081,0.007460566307869851,0.054574960827510566,17,0,7.845804231759171,0.07204707536828195,52.42243,1.7479208
57,58,55,0.015339857180640043,0.014546416291986249,2.189655172413793,1.8727272727272728,127,103,1.233009708737864,58,0,55,0,2.189655172413793,0.0,4.498513674197386,0.006894885960551783,0.005438443952217133,5,0,5.72479124787318,1.0246975747004363,49.898186,3.1149483
172,32,30,0.008463369478973817,0.007934408886537955,1.5,1.4666666666666666,48,44,1.0909090909090908,31,1,29,1,1.8709677419354838,-10.0,6.9375,0.006757008170250791,0.011693458731729108,3,0,3.271037422885945,0.14215469402359035,42.731976,3.3360822
97,45,41,0.01190161332980693,0.010843692144935203,2.8666666666666667,1.7804878048780488,129,73,1.7671232876712328,44,1,41,0,2.9545454545454546,-1.0,9.359999999999998,0.006701103050104587,0.034097155086046445,17,0,4.54257542699229,1.0488728683400175,47.99024,3.3197036
51,77,70,0.020364982808780747,0.018513620735255226,1.025974025974026,1.6285714285714286,79,114,0.6929824561403509,72,5,70,0,1.6666666666666667,-8.2,8.259065609714959,0.006570422110535452,0.049301349494690214,10,0,7.913265553640871,0.6798208084827089,52.799114,2.2567956
84,45,49,0.01190161332980693,0.012959534514678657,1.9555555555555555,1.5918367346938775,88,78,1.1282051282051282,45,0,48,1,1.9555555555555555,0.0,4.531358024691357,0.006564871267972325,0.017594566052459015,17,0,4.824101671786485,0.6601064137230874,48.784046,2.8506734
37,54,46,0.014281935995768318,0.012166093626024863,2.759259259259259,3.217391304347826,149,148,1.0067567567567568,51,3,46,0,3.4705882352941178,-9.333333333333334,13.997599451303154,0.006532667366201538,0.09664245316694228,8,0,5.643480785683609,1.4523421880991498,51.09959,3.2154813
798,73,81,0.019307061623909022,0.021422903993652476,1.63013698630137,0.12345679012345678,119,10,11.9,70,3,61,20,1.7428571428571429,-1.0,2.7810095702758497,0.006514884482334988,-0.05410929439771282,20,0,8.57993751965122,-2.1808692143724007,53.8665,-4.069872
100,31,30,0.008198889182755886,0.007934408886537955,1.8387096774193548,2.4,57,72,0.7916666666666666,28,3,30,0,3.107142857142857,-10.0,21.10301768990635,0.006511494220059278,0.0325748920708852,10,0,3.5456139906961526,-0.0028583978226550807,44.664288,-5.632426
7595,53,47,0.014017455699550384,0.012430573922242795,0.4339622641509434,-1.3617021276595744,23,-64,-0.359375,44,9,30,17,2.159090909090909,-8.0,19.792808828764684,0.006487696752570247,-0.027161499867166147,3,0,6.395358346026048,-5.372329883808369,53.903828,-3.8374765
70,57,51,0.015075376884422112,0.013488495107114522,0.9122807017543859,1.7254901960784315,52,88,0.5909090909090909,51,6,49,2,1.2156862745098038,-1.6666666666666667,1.3080947983995073,0.006328147545166483,0.045630649140541046,6,0,5.938512325948505,0.2639468621798964,50.581673,1.2094706
48,62,59,0.016397778365511772,0.015604337476857976,1.9193548387096775,1.9830508474576272,119,117,1.017094017094017,60,2,59,0,2.2,-6.5,5.783818938605619,0.0062395065072192455,0.020445356411561606,17,0,6.2533838766357945,0.9325527805986349,50.535564,2.6318362
131,36,32,0.009521290663845544,0.008463369478973817,2.111111111111111,1.78125,76,57,1.3333333333333333,36,0,32,0,2.111111111111111,0.0,4.098765432098765,0.006141525546171322,0.02198177715909478,17,0,3.4020657779850847,0.8860967097441961,43.196053,2.7428863
308,13,11,0.0034382438508331133,0.0029092832583972497,2.0,2.4545454545454546,26,27,0.9629629629629629,13,0,11,0,2.0,0.0,1.5384615384615385,0.006075578210909491,0.01823148179344145,10,1,1.1131290895333543,0.7981046851350789,43.730724,10.950037
347,17,18,0.00449616503570484,0.004760645331922772,1.411764705882353,1.3333333333333333,24,24,1.0,17,0,17,1,1.411764705882353,0.0,0.5951557093425606,0.006018403616118562,0.010773372634330381,2,1,1.6753718689817352,0.24655925808261236,43.924564,10.741397
46,53,50,0.014017455699550384,0.013224014810896589,1.509433962264151,2.42,80,121,0.6611570247933884,51,2,49,1,1.8235294117647058,-6.5,6.400854396582412,0.005864250266714988,0.02323064494861263,1,0,5.369587430197938,0.556739253865497,49.56652,2.515041
39,53,53,0.014017455699550384,0.014017455699550384,1.9811320754716981,2.6792452830188678,105,142,0.7394366197183099,51,2,53,0,2.450980392156863,-10.0,10.471342114631543,0.00586269762991845,0.03389490938889677,17,0,5.576510463693703,0.8602968334205974,50.191883,2.6877096
90,53,53,0.014017455699550384,0.014017455699550384,1.8113207547169812,1.4339622641509433,96,76,1.263157894736842,52,1,49,4,2.0384615384615383,-10.0,4.6813812744749015,0.005766406653826931,0.01302279433677558,8,0,5.526543824450886,-0.046508810384355975,49.35814,1.398191
78,53,55,0.014017455699550384,0.014546416291986249,1.528301886792453,1.490909090909091,81,82,0.9878048780487805,52,1,54,1,1.75,-10.0,3.947312210751157,0.005745298028800507,0.011375338346758197,10,0,5.481008410213926,0.5020627957843076,49.578434,2.5807223
32,74,71,0.01957154192012695,0.018778101031473156,2.0,2.3661971830985915,148,168,0.8809523809523809,69,5,71,0,2.217391304347826,-1.0,3.810810810810811,0.005731217783100428,0.08147847654036004,2,0,7.781382282385449,1.5285340305213484,52.82496,2.2517915
5342,80,39,0.021158423697434543,0.01031473155249934,-3.1125,0.0,-249,0,0.0,28,52,33,6,1.7142857142857142,-5.711538461538462,18.574843750000003,0.005540653102858073,0.03358467725771058,16,0,9.3324587772921,-5.199798456064924,55.203117,-1.6915637
402,15,13,0.003967204443268977,0.0034382438508331133,1.6,1.5384615384615385,24,20,1.2,15,0,13,0,1.6,0.0,0.9066666666666665,0.0055289878891469765,0.005736584140639842,15,1,1.2038823078135792,0.4804321759597859,43.773136,10.850284
491,67,36,0.01772017984660143,0.009521290663845544,0.16417910447761194,0.4722222222222222,11,17,0.6470588235294118,53,14,26,10,1.849056603773585,-6.214285714285714,15.092448206727553,0.005489120601318353,0.00884469058479748,3,0,6.427698401573412,-3.184539427642909,53.810722,-2.911734
178,30,30,0.007934408886537955,0.007934408886537955,1.6666666666666667,1.4333333333333333,50,43,1.1627906976744187,30,0,30,0,1.6666666666666667,0.0,1.2222222222222219,0.005345686165867093,0.009182850440516714,1,0,2.837437027404937,0.6483510602708841,42.415672,2.6644394
87,59,54,0.015604337476857976,0.014281935995768318,0.5254237288135594,1.4259259259259258,31,77,0.4025974025974026,51,8,54,0,1.4705882352941178,-5.5,8.452743464521687,0.0052345700659790235,0.01794056919543683,2,0,6.11394633372282,-0.13906637662575697,50.890347,0.5964332
61,43,42,0.011372652737371067,0.011108172441153134,1.558139534883721,2.3333333333333335,67,98,0.6836734693877551,42,1,42,0,1.8333333333333333,-10.0,7.1768523526230386,0.005228504357162576,0.007751193597019424,1,0,4.246024087452118,0.5508243559286176,47.737816,2.6491208
125,68,64,0.01798466014281936,0.016926738957947635,0.5294117647058824,0.9375,36,60,0.6,58,10,61,3,1.5689655172413792,-5.5,10.219723183391004,0.005163236319331069,0.014998620472971293,2,0,7.3372248588100275,-0.9374266570890414,51.37172,0.34955254
85,97,75,0.025654588733139385,0.019836022216344885,0.30927835051546393,1.04,30,78,0.38461538461538464,78,19,66,9,1.7564102564102564,-5.631578947368421,12.997130407057073,0.005121013370045196,0.0499493056540618,3,0,10.280845337158743,-2.3465515522507516,54.693287,-1.4255353
117,56,54,0.01481089658820418,0.014281935995768318,1.0357142857142858,1.1851851851851851,58,64,0.90625,53,3,52,2,1.2264150943396226,-2.3333333333333335,1.0701530612244898,0.004971352767369915,0.014635810107530846,5,0,5.626501425288441,0.14405651367964717,49.80325,1.7630436
917,5,5,0.001322401481089659,0.001322401481089659,1.4,1.6,7,8,0.875,5,0,5,0,1.4,0.0,0.24,0.004889005730306719,0.01300527520293381,17,1,0.2444484049277346,0.36795955880350634,23.016449,5.858798
150,47,37,0.012430573922242795,0.009785770960063476,0.14893617021276595,1.3513513513513513,7,50,0.14,41,6,35,2,1.6341463414634145,-10.0,17.36079674060661,0.00485385978600972,0.04349236238914629,3,0,4.784621845490461,-0.9739396634596036,48.03753,-2.5312827
260,30,26,0.007934408886537955,0.0068764877016662266,0.9333333333333333,1.2307692307692308,28,32,0.875,29,1,26,0,1.3103448275862069,-10.0,4.728888888888889,0.004800841964550508,0.005868136986872867,3,1,2.670112618403234,0.1133992075472982,41.828896,2.846723
31,53,72,0.014017455699550384,0.01904258132769109,2.2641509433962264,2.3333333333333335,120,168,0.7142857142857143,51,2,68,4,2.588235294117647,-6.0,7.213243147027412,0.0047698292721353435,0.12429512283042429,2,0,6.918200615621441,0.9239020264736365,51.975067,1.9474633
76,31,30,0.008198889182755886,0.007934408886537955,1.5483870967741935,2.8,48,84,0.5714285714285714,31,0,29,1,1.5483870967741935,0.0,3.0218522372528596,0.004493706558888645,0.003405616652790331,8,0,2.8674076986233676,0.49339334836968635,42.253944,2.5232413
104,52,38,0.013752975403332453,0.010050251256281409,1.2884615384615385,1.8421052631578947,67,70,0.9571428571428572,44,8,37,1,2.4318181818181817,-5.0,15.012943786982248,0.00429156329304215,0.0059104552710789755,6,0,4.921318137837319,-0.49959883510141107,47.615646,-2.664538
272,44,34,0.011637133033588999,0.00899233007140968,-1.3409090909090908,0.8823529411764706,-59,30,-1.9666666666666666,30,14,29,5,2.0,-8.5,27.542871900826448,0.004204543773317908,0.037087144292605664,20,0,5.1396002965242,-3.3670847147590206,49.546787,-6.756211
68,44,35,0.011637133033588999,0.009256810367627613,0.3409090909090909,2.657142857142857,15,93,0.16129032258064516,36,8,33,2,2.638888888888889,-10.0,31.40650826446281,0.004165824535702384,0.008367978758889134,3,0,4.662862503667128,-1.6647688978870552,48.5275,-7.1860633
92,51,49,0.013488495107114522,0.012959534514678657,1.7254901960784315,1.530612244897959,88,75,1.1733333333333333,50,1,47,2,1.96,-10.0,6.748173779315647,0.004114500345444412,0.037085208708775,2,0,5.074013077380203,0.3785533111258965,49.07452,1.9988124
130,44,44,0.011637133033588999,0.011637133033588999,1.1818181818181819,1.3181818181818181,52,58,0.896551724137931,43,1,43,1,1.441860465116279,-10.0,5.239669421487604,0.004019515259899892,0.0024970454028147306,3,0,4.272495770187959,0.1024177940928487,47.92392,2.0285182
135,32,28,0.008463369478973817,0.00740544829410209,1.625,2.0,52,56,0.9285714285714286,31,1,28,0,1.7096774193548387,-1.0,1.359375,0.004010950685531541,0.01879473633651034,10,0,2.792992892416021,0.7208255400697846,42.313133,2.212223
110,31,31,0.008198889182755886,0.008198889182755886,2.225806451612903,2.193548387096774,69,68,1.0147058823529411,31,0,31,0,2.225806451612903,0.0,2.4973985431841816,0.003971089920421462,0.020829301220266404,10,0,2.863457467265869,0.9488005675244143,42.73378,2.0215712
121,34,32,0.00899233007140968,0.008463369478973817,1.8529411764705883,1.90625,63,61,1.0327868852459017,34,0,32,0,1.8529411764705883,0.0,1.0666089965397927,0.003965841276750921,0.021180700101997706,5,0,3.043773718014437,0.8856102698258532,43.150616,2.004563
49,65,59,0.017191219254165568,0.015604337476857976,1.476923076923077,1.9830508474576272,96,117,0.8205128205128205,60,5,59,0,2.1333333333333333,-6.4,9.541775147928993,0.0038762195704840864,0.049210521348025116,2,0,6.488643659005972,0.661483521808296,51.388218,1.7907281
115,44,44,0.011637133033588999,0.011637133033588999,1.3636363636363635,1.5,60,66,0.9090909090909091,44,0,44,0,1.3636363636363635,0.0,0.5041322314049587,0.003872596516551389,0.021856954097901955,2,0,4.155603789359008,0.8027021835070324,47.20379,2.1457534
53,38,38,0.010050251256281409,0.010050251256281409,-0.7894736842105263,2.973684210526316,-30,113,-0.26548672566371684,29,9,38,0,1.6551724137931034,-8.666666666666666,21.90304709141275,0.0038572802437919955,-0.07314751496402341,3,0,4.055275577115929,-1.7781054118910433,48.072857,-6.9248333
60,22,28,0.005818566516794499,0.00740544829410209,1.5909090909090908,3.5,35,98,0.35714285714285715,20,2,26,2,2.75,-10.0,17.696280991735538,0.003750334881759719,0.024572279949348276,10,0,2.6927269192821406,-0.2591088889380083,44.319744,-5.9785833
109,43,41,0.011372652737371067,0.010843692144935203,1.6511627906976745,1.6585365853658536,71,68,1.0441176470588236,43,0,40,1,1.6511627906976745,0.0,2.5062195781503513,0.003716615504013722,0.026730365040015844,17,0,4.021785346503052,0.646362015204374,46.88165,2.017191
71,21,22,0.005554086220576567,0.005818566516794499,3.1904761904761907,4.0,67,88,0.7613636363636364,21,0,22,0,3.1904761904761907,0.0,6.344671201814059,0.003676315289820242,0.00963695550893308,5,1,1.8925678420952676,1.184876735997349,31.864744,3.647631
365,12,13,0.0031737635546151815,0.0034382438508331133,1.1666666666666667,1.6923076923076923,14,22,0.6363636363636364,12,0,13,0,1.1666666666666667,0.0,0.13888888888888892,0.0035982592205980298,0.0066562319502371506,10,1,0.8622794041181242,0.31002242867611013,22.516678,5.112621
56,34,33,0.00899233007140968,0.008727849775191749,2.7941176470588234,3.212121212121212,95,106,0.8962264150943396,34,0,33,0,2.7941176470588234,0.0,5.281141868512111,0.0035917093631061673,0.032669788165639174,2,0,3.1645534266875557,1.2815385810524995,42.752445,1.4416659
114,49,37,0.012959534514678657,0.009785770960063476,1.346938775510204,1.7837837837837838,66,66,1.0,43,6,36,1,1.9534883720930232,-3.0,5.98167430237401,0.0034896621607557374,0.005724810871792973,6,0,4.397759364655035,-0.018565860596279214,47.033325,-2.305117
93,45,39,0.01190161332980693,0.01031473155249934,0.8888888888888888,1.9230769230769231,40,75,0.5333333333333333,39,6,38,1,2.2051282051282053,-7.666666666666667,16.36543209876543,0.0034099407111189434,0.04971900881741701,2,0,4.606918997423415,-0.3280511665884997,47.970093,-2.391821
108,34,32,0.00899233007140968,0.008463369478973817,1.7941176470588236,2.125,61,68,0.8970588235294118,34,0,32,0,1.7941176470588236,0.0,2.457612456747405,0.0033739960342685396,0.04073485254346994,17,0,3.07483593147864,0.9718619773806526,43.327385,1.697775
126,36,25,0.009521290663845544,0.006612007405448294,1.0277777777777777,2.36,37,59,0.6271186440677966,33,3,25,0,2.0303030303030303,-10.0,11.915895061728397,0.0033542952553728984,0.008840452725162382,6,0,3.0012139784444036,-0.048800820194943965,44.284565,-3.85059
226,34,32,0.00899233007140968,0.008463369478973817,0.7647058823529411,1.125,26,36,0.7222222222222222,33,1,30,2,1.0909090909090908,-10.0,3.591695501730104,0.003306106469612435,0.003894418099889104,8,0,3.103518473340626,-0.32341038567859276,42.894093,-0.5438528
563,10,11,0.002644802962179318,0.0029092832583972497,1.3,1.2727272727272727,13,14,0.9285714285714286,10,0,11,0,1.3,0.0,0.20999999999999996,0.0032609101791268667,0.0030478326866167902,20,1,0.607005126122119,0.23767376967145284,22.530968,5.21487
62,43,42,0.011372652737371067,0.011108172441153134,1.813953488372093,2.2857142857142856,78,96,0.8125,42,1,42,0,2.0952380952380953,-10.0,7.08166576527853,0.003225755693632853,0.02203840908415829,10,0,4.090365566895541,0.7003525463843909,47.305054,2.1649067
295,23,25,0.006083046813012432,0.006612007405448294,1.2173913043478262,1.12,28,28,1.0,23,0,25,0,1.2173913043478262,0.0,0.6918714555765595,0.0032255749788138847,0.015812344530568595,16,1,2.03292498959919,0.41411191056343105,38.5299,1.1905502
106,50,48,0.013224014810896589,0.012695054218460726,1.28,1.4375,64,69,0.927536231884058,49,1,48,0,1.510204081632653,-10.0,3.1615999999999995,0.0032094719754904148,0.02464881651583557,17,0,4.698919581278202,0.664526257735244,48.107525,2.194144
146,35,35,0.009256810367627613,0.009256810367627613,1.457142857142857,1.457142857142857,51,51,1.0,35,0,35,0,1.457142857142857,0.0,0.4195918367346939,0.0031990687941172444,0.016060226658296047,20,0,3.146918973734735,0.6820955956602199,43.8996,1.5923021
55,27,34,0.007140967997884159,0.00899233007140968,2.1481481481481484,3.235294117647059,58,110,0.5272727272727272,26,1,32,2,2.6153846153846154,-10.0,10.570644718792867,0.0031627065113576966,0.018384552598429787,20,0,3.0109981213106836,0.21981386875475348,43.236843,-3.0922763
116,48,47,0.012695054218460726,0.012430573922242795,1.2291666666666667,1.3829787234042554,59,65,0.9076923076923077,47,1,46,1,1.4680851063829787,-10.0,3.3016493055555554,0.003040552348661979,0.020606631878048856,3,0,4.564540590107503,0.37466469422006315,48.07787,2.0018008
166,56,48,0.01481089658820418,0.012695054218460726,0.6428571428571429,0.9375,36,45,0.8,51,5,44,4,1.6274509803921569,-9.4,11.443877551020407,0.0029676617089958775,0.009880272572608526,10,0,5.443785377528159,-1.1079772484744406,50.21378,-0.059850004
77,47,46,0.012430573922242795,0.012166093626024863,1.6808510638297873,1.8043478260869565,79,83,0.9518072289156626,47,0,46,0,1.6808510638297873,0.0,1.0258035310095064,0.002919268162448683,0.043349166037236736,17,0,4.395100898324942,1.1036103146205611,47.09137,2.0140107
66,40,42,0.010579211848717272,0.011108172441153134,1.85,2.2142857142857144,74,93,0.7956989247311828,39,1,42,0,1.9487179487179487,-2.0,3.2275,0.0028405940071731697,0.055965001049187904,10,0,3.966194373275176,1.0936445106161767,46.228,1.4417462
27,63,88,0.0166622586617297,0.023274266067177998,2.0476190476190474,2.1363636363636362,129,188,0.6861702127659575,63,0,88,0,2.0476190476190474,0.0,2.8390022675736972,0.0027778802759021075,0.051362127193718,2,0,7.446749263872415,1.5094828463916934,53.45875,2.4159207
156,48,39,0.012695054218460726,0.01031473155249934,1.375,1.2564102564102564,66,49,1.346938775510204,47,1,39,0,1.6170212765957446,-10.0,4.609375,0.002719140682386853,0.022059380415343978,3,0,4.082013480326894,0.5642331918610964,47.240852,2.0495791
7498,6,7,0.0015868817773075907,0.0018513620735255225,1.6666666666666667,-1.7142857142857142,10,-12,-0.8333333333333334,6,0,5,2,1.6666666666666667,0.0,0.888888888888889,0.002717352041329415,0.00545152216977427,8,1,0.2373518573935113,-1.1190359546445459,23.986238,-35.105267
35,27,82,0.007140967997884159,0.021687384289870406,0.37037037037037035,1.951219512195122,10,160,0.0625,17,10,81,1,2.3529411764705883,-3.0,9.270233196159122,0.002657592846919595,0.024387263036649277,6,0,5.9681761446994495,-0.4873665280631535,48.95082,-0.4604953
142,45,46,0.01190161332980693,0.012166093626024863,1.5555555555555556,1.1304347826086956,70,52,1.3461538461538463,44,1,43,3,1.8181818181818181,-10.0,5.669135802469136,0.0026315422756444475,-0.001578587837298999,10,0,4.3651537291676,-0.24505048936082577,48.512234,1.2341857
217,27,29,0.007140967997884159,0.0076699285903200215,1.037037037037037,1.2758620689655173,28,37,0.7567567567567568,26,1,29,0,1.1153846153846154,-1.0,0.25788751714677643,0.002614769438348002,0.010554862751173243,2,1,2.4151698024566013,0.3280344210138739,39.305393,1.2808225
133,38,37,0.010050251256281409,0.009785770960063476,1.7894736842105263,1.5405405405405406,68,57,1.1929824561403508,37,1,36,1,1.864864864864865,-1.0,1.1135734072022159,0.0025983932204451943,0.028475251989438042,10,0,3.491846004614159,0.6342053748293034,44.64427,1.2327803
91,24,24,0.006347527109230363,0.006347527109230363,3.0,3.125,72,75,0.96,23,1,24,0,3.5652173913043477,-10.0,14.75,0.0025604317147719003,0.048961914192290866,6,1,2.3390875460614473,0.8445175362579925,43.959343,-6.454273
176,23,28,0.006083046813012432,0.00740544829410209,3.3043478260869565,1.5357142857142858,76,43,1.7674418604651163,22,1,21,7,3.5,-1.0,5.689981096408318,0.002552113341252866,0.020987771884396985,10,0,2.5752060054207004,-0.5374805681277357,51.146095,-3.8812358
255,35,34,0.009256810367627613,0.00899233007140968,1.2285714285714286,0.9411764705882353,43,32,1.34375,35,0,33,1,1.2285714285714286,0.0,0.23346938775510212,0.0024818340036765417,-0.0013564984044029521,2,0,2.999998431176362,0.22143300550539935,43.42785,0.39646742
64,37,44,0.009785770960063476,0.011637133033588999,1.3783783783783783,2.1363636363636362,51,94,0.5425531914893617,34,3,44,0,1.6176470588235294,-1.3333333333333333,1.8027757487216949,0.0024569985359176043,0.01114985319042194,6,0,3.8268653558487826,0.5347523648161028,46.54585,0.6366397
175,27,27,0.007140967997884159,0.007140967997884159,1.7037037037037037,1.5925925925925926,46,43,1.069767441860465,27,0,27,0,1.7037037037037037,0.0,0.7270233196159125,0.002453607681272284,0.011510014095754114,8,1,2.2435579569135515,0.6367402257531242,39.256718,0.98933125
139,24,24,0.006347527109230363,0.006347527109230363,0.7083333333333334,2.2083333333333335,17,53,0.32075471698113206,22,2,24,0,1.2727272727272727,-5.5,5.623263888888889,0.0024478363337869556,0.012347928666739172,17,1,2.1372882092977243,0.06253461594199708,39.99903,-4.4618945
113,38,40,0.010050251256281409,0.010579211848717272,2.4210526315789473,1.65,92,66,1.393939393939394,36,2,33,7,3.111111111111111,-10.0,13.822714681440445,0.0024258962254649656,0.0664005254574157,6,0,4.272272072264367,-0.7209470409503288,51.1101,-3.6388388
359,11,11,0.0029092832583972497,0.0029092832583972497,1.8181818181818181,2.090909090909091,20,23,0.8695652173913043,11,0,11,0,1.8181818181818181,0.0,0.14876033057851237,0.0024080441192316357,5.8598449476677974e-05,22,1,0.5628551836434079,0.5106584478512085,21.790794,4.812046
7552,13,49,0.0034382438508331133,0.012959534514678657,1.3076923076923077,-0.46938775510204084,17,-23,-0.7391304347826086,13,0,31,18,1.3076923076923077,0.0,0.3668639053254438,0.002392542579347323,-0.004742828878404094,6,0,3.4731846888996665,-4.004894310053676,35.247288,-36.42676
239,19,18,0.0050251256281407045,0.004760645331922772,2.1052631578947367,1.8333333333333333,40,33,1.2121212121212122,18,1,17,1,2.4444444444444446,-4.0,6.094182825484764,0.0023488244092255087,-0.0013649452276374937,23,1,1.4962023576454844,0.12241426200713483,31.242596,5.9141626
224,20,20,0.005289605924358636,0.005289605924358636,1.8,1.8,36,36,1.0,20,0,20,0,1.8,0.0,2.9600000000000004,0.0022894344558976472,0.0027006978407328745,8,1,1.5156820295840656,0.4504058109661917,29.835428,1.9721897
73,60,54,0.01586881777307591,0.014281935995768318,0.8,1.5740740740740742,48,85,0.5647058823529412,53,7,52,2,1.7169811320754718,-6.142857142857143,9.793333333333333,0.0022869830524254136,0.02803137882692983,3,0,5.955040573306715,-0.4023468853655318,50.706715,0.38172597
1032,6,8,0.0015868817773075907,0.0021158423697434543,1.1666666666666667,0.875,7,7,1.0,6,0,7,1,1.1666666666666667,0.0,0.1388888888888889,0.002274461166832445,0.0018241488515579368,2,1,0.19047244605634062,-0.1398576052979586,25.229593,-10.633105
123,36,33,0.009521290663845544,0.008727849775191749,1.1111111111111112,1.8484848484848484,40,61,0.6557377049180327,34,2,33,0,1.7647058823529411,-10.0,8.820987654320987,0.0022690926150904355,0.03074002663869305,3,0,3.2869217035543996,0.23798912851640197,44.812817,-0.7582537
451,11,11,0.0029092832583972497,0.0029092832583972497,1.8181818181818181,1.6363636363636365,20,18,1.1111111111111112,11,0,11,0,1.8181818181818181,0.0,1.0578512396694213,0.0022431638212187244,0.007369709973274873,5,1,0.5795988738365402,0.4580636252800216,21.652231,4.605955
288,34,36,0.00899233007140968,0.009521290663845544,1.9705882352941178,0.8055555555555556,67,29,2.310344827586207,34,0,33,3,1.9705882352941178,0.0,3.440311418685121,0.0022330162886230413,0.019906324244831654,6,0,3.231501831564669,0.13153935133438052,43.209312,-0.16594772
197,35,33,0.009256810367627613,0.008727849775191749,1.9428571428571428,1.2121212121212122,68,40,1.7,35,0,32,1,1.9428571428571428,0.0,1.7110204081632656,0.0022305427254957805,0.015672630951735166,10,0,2.997522680870754,0.5651751990818372,43.55897,0.6519258
86,40,29,0.010579211848717272,0.0076699285903200215,1.1,2.689655172413793,44,78,0.5641025641025641,31,9,28,1,2.032258064516129,-2.111111111111111,7.290000000000001,0.0021979387523022084,0.004738641663701806,6,0,3.597438903578744,-0.27906492008370876,46.68412,-3.8931465
52,62,57,0.016397778365511772,0.015075376884422112,1.435483870967742,1.9824561403508771,89,113,0.7876106194690266,60,2,56,1,1.8166666666666667,-10.0,7.342611862643079,0.002181483859297269,0.02865011972063264,10,0,5.8407515053475505,0.48386624346705503,50.386246,2.021877
122,35,32,0.009256810367627613,0.008463369478973817,1.6,1.90625,56,61,0.9180327868852459,34,1,32,0,1.6764705882352942,-1.0,2.3542857142857145,0.002158969438048213,0.028887375134681523,2,0,3.014823524953761,0.7289483118597082,43.699356,1.1886092
